id,tema,enunciado,alternativa_a,alternativa_b,alternativa_c,alternativa_d,alternativa_e,correta,explicacao,dificuldade,tags
CUR2-001,Hemorragias da 1ª  Metade da Gestação,"Em obstetrícia, a definição operacional de aborto no contexto de provas nacionais costuma considerar:",Interrupção até 24 semanas ou peso < 600 g,Interrupção até 20–22 semanas ou peso < 500 g (dependente do serviço),Interrupção até 26 semanas ou peso < 700 g,"Exclusivamente antes de 12 semanas, independentemente do peso","Até 28 semanas, desde que sem BCF",B,A maioria dos protocolos define aborto até ~20–22s ou peso <500 g; valores maiores (24–26s/600–700 g) são usados em outros contextos e não para definir aborto em provas.,2,"aborto,definição,provas"
CUR2-002,Hemorragias da 1ª  Metade da Gestação,"Mulher de 9s com sangramento discreto e cólica leve. US: SG intrauterino, BCF presente, colo fechado. Classificação e conduta:",Aborto inevitável; internação e esvaziamento imediato,Ameaça de aborto; orientação de sinais de alarme e reavaliação,Aborto completo; alta sem seguimento,Aborto retido; misoprostol,Gestação anembrionária; metotrexato,B,BCF presente e colo fechado definem ameaça de aborto; conduta expectante com orientação e retorno.,2,"ameaça,conduta"
CUR2-003,Hemorragias da 1ª  Metade da Gestação,"Paciente 8s, sangramento fétido, febre 38,7ºC, dor hipogástrica após tentativa de esvaziamento em domicílio. Conduta inicial:",Esvaziamento uterino imediato sem antibiótico,Preferencialmente misoprostol e alta,Antibiótico EV de amplo espectro + estabilização + esvaziamento em centro cirúrgico,Aguardar 48h e reavaliar,Analgesia e alta,C,"Aborto séptico: estabilizar, antibiótico amplo (cobrir G+, G− e anaeróbios) e evacuação uterina hospitalar.",4,"aborto séptico,ATB,esvaziamento"
CUR2-004,Hemorragias da 1ª  Metade da Gestação,"Mulher 10s com duas US seriadas mostrando ausência de BCF, sem sangramento. β-hCG em queda. Diagnóstico e melhor manejo:",Ameaça de aborto; preferencialmente observar,Aborto retido; AMIU ou misoprostol conforme preferência e recursos,Aborto completo; alta definitiva,Gestação anembrionária; metotrexato,Ectópica; laparoscopia,B,"Aborto retido confirmado: pode ser manejado com aspiração (AMIU) ou misoprostol, conforme protocolo e desejo.",3,"aborto retido,AMIU,misoprostol"
CUR2-005,Hemorragias da 1ª  Metade da Gestação,Assinale o par INCORRETO quanto à classificação de abortos:,"Ameaça de aborto — BCF presente, colo fechado, sangramento discreto","Aborto inevitável — colo pérvio, sangramento, sem eliminação de produtos","Aborto completo — sangramento mínimo, US sem restos",Aborto infectado — febre/odor fétido; tratar ambulatorial com azitromicina,Aborto retido — SG sem BCF em controles seriados,D,"Aborto infectado exige internação, antibiótico EV amplo e evacuação uterina; não é ambulatorial com azitromicina.",3,"classificação,aborto"
CUR2-006,Hemorragias da 1ª  Metade da Gestação,"Gestante 7–8s com dor unilateral e sangramento escasso. US transvaginal: útero vazio e massa anexial 3,2 cm; β-hCG 2.900 mUI/mL; estável e sem BCF. Melhor conduta:","MTX se massa ≤3,5–4 cm, sem BCF, β‑hCG moderado e estabilidade hemodinâmica",MTX habitualmente que houver BCF e β‑hCG >10.000,MTX preferencialmente quando a dor for intensa ou PA baixa,MTX é contraindicada quando a massa <2 cm,MTX é preferível em choque hemorrágico,A,"Critérios usuais para MTX: estabilidade, ausência de BCF, massa ≤3,5–4 cm e β‑hCG não muito elevado; choque/BCF indicam abordagem cirúrgica.",3,"ectópica,metotrexato,critérios"
CUR2-007,Hemorragias da 1ª  Metade da Gestação,"Sobre gestação ectópica, marque a INCORRETA:",Local mais comum é a porção ampular da tuba uterina,"β-hCG > 5.000, BCF presente ou massa > 4 cm são contraindicações relativas a MTX clínico",Choque/irritação peritoneal indicam abordagem cirúrgica imediata,"Após MTX, β-hCG pode subir no D3; a queda esperada é avaliada no D4–D7",Gestação ectópica cervical é a localização mais comum,E,A localização mais comum é tubária ampular; cervical é rara.,3,"ectópica,localização,critérios MTX"
CUR2-008,Hemorragias da 1ª  Metade da Gestação,"Paciente chega com dor súbita intensa, síncope, PA 80/50, abdome em tábua; suspeita de ectópica rota. Conduta:",US e observar 24h,Metotrexato dose única,Cirurgia imediata (laparoscopia/laparotomia),Progesterona,Alta com retorno em 72h,C,Instabilidade/hemo peritônio impõem abordagem cirúrgica imediata.,4,"ectópica rota,emergência"
CUR2-009,Hemorragias da 1ª  Metade da Gestação,"US 11s com imagem em ‘nevasca’, ausência de embrião; β-hCG muito elevado, útero > IG. Melhor conduta inicial:",Expectante por 2 semanas,Aspirar por sucção (AMIU) com envio para AP,Indução com ocitocina isolada,Metotrexato sistêmico,Laparotomia,B,Mola completa: esvaziamento por aspiração e AP; evitar ocitócicos isolados.,4,"DTG,mola completa,esvaziamento"
CUR2-010,Hemorragias da 1ª  Metade da Gestação,"Após AMIU por mola hidatiforme, o seguimento adequado inclui:",β-hCG preferencialmente trimestral por 1 ano,"β-hCG semanal até negativar (3 valores), depois mensal por 6–12 meses, com anticoncepção",Alta sem seguimento se assintomática,US mensal sem β-hCG,Repetir AMIU de rotina,B,Seguimento seriado com β-hCG e contracepção para detectar/evitar GTN não reconhecida.,3,"DTG,seguimento,β-hCG"
CUR2-011,Hemorragias da 1ª  Metade da Gestação,Assinale a CORRETA sobre mola completa versus parcial:,Completa frequentemente tem feto vivo; parcial em geral não tem vilos,Completa: ausência de embrião; parcial: pode haver embrião/feto e cariótipo triplóide clássico,"Ambas têm cariótipo 46,XX de origem biparental",Parcial tem maior risco de GTN que completa,Nenhuma exige seguimento com β‑hCG,B,"Mola completa: sem embrião (geralmente 46,XX androgênica); parcial: pode ter embrião/feto e é tipicamente triploide. Completa tem maior risco de GTN.",3,"DTG,comparação"
CUR2-012,Hemorragias da 2ª Metada de Gestação,"Sangramento vermelho vivo, indolor, 32–34s, útero macio. Conduta imediata:",Toque vaginal é o melhor exame inicial,US transvaginal com sonda apropriada é segura e mais acurada para avaliar o OI,US transabdominal habitualmente basta; TV é contraindicada,RNM é o método de triagem de escolha,Exame especular é habitualmente não recomendado,B,"Na suspeita de placenta prévia, evita-se toque. A US transvaginal é segura e mais acurada para avaliar a relação placenta‑OI.",3,"placenta prévia,diagnóstico"
CUR2-013,Hemorragias da 2ª Metada de Gestação,Placenta prévia centro-total assintomática a 36+1s. Conduta quanto à via/tempo de parto:,Parto vaginal com indução,Cesárea eletiva por volta de 36–37s,Aguardar até 40s,Preferencialmente se sangrar,Forcipe profilático,B,Centro-total obstrui OI → cesárea programada 36–37s reduz hemorragia.,2,"placenta prévia,via de parto"
CUR2-014,Hemorragias da 2ª Metada de Gestação,"Sobre acretismo placentário (invasão anômala), assinale a CORRETA:",Acreta invade miométrio profundamente até serosa,"Increta fica aderida à decídua, sem invasão",Percreta pode invadir serosa e órgãos adjacentes (ex.: bexiga),Não se associa a placenta prévia ou cicatriz uterina prévia,O diagnóstico é clínico pelo toque,C,Percreta invade serosa/órgãos; risco aumenta com cicatriz e placenta prévia.,3,"acretismo,percreta,bexiga"
CUR2-015,Hemorragias da 2ª Metada de Gestação,"Gestante 38s com dor súbita, sangramento escuro com coágulos, hipertonia uterina e BCF 90 bpm. Melhor conduta:",Expectante até estabilizar,Tocolítico,Interrupção imediata conforme vitalidade fetal (via mais rápida),Alta com repouso,Toque vaginal,C,DPP com sofrimento fetal: estabilizar e indicar resolução imediata pela via mais rápida.,4,"DPP,conduta"
CUR2-016,Hemorragias da 2ª Metada de Gestação,DPP com óbito fetal. Via preferencial de parto e medida adjuvante clássica:,Cesárea e ocitocina,"Vaginal (se condições), amniotomia e correção de coagulopatia",Expectante 72h,Forcipe indicação frequente,Aguardar até 41s,B,Sem benefício fetal; costuma-se preferir via vaginal com amniotomia e correção de coagulopatia.,4,"DPP,feto morto,amniotomia"
CUR2-017,Hemorragias da 2ª Metada de Gestação,"Após RPM com saída de sangue vivo e bradicardia fetal súbita, útero macio. Hipótese e conduta:",DPP; tocolítico,Placenta prévia; alta,Vasa prévia rota; cesárea de urgência,Rotura uterina; analgesia,Acretismo; expectante,C,Vasa prévia: sangramento fetal após RUPT com bradicardia; conduta é cesárea urgente.,4,"vasa prévia,cesárea"
CUR2-018,Isoimunização Materno-Fetal,"Em gestante Rh− sensibilizada com anti-D, o método não invasivo preferido para rastrear anemia fetal é:",Amniocentese para bilirrubina (Liley) de rotina,CTG basal diária,Doppler da artéria cerebral média (pico sistólico),Perfil biofísico isolado,Cordocentese de rotina,C,"ACM Doppler (>1,5 MoM sugere anemia) guia necessidade de cordocentese/transfusão.",4,"ACM,anemia,cordocentese"
CUR2-019,Isoimunização Materno-Fetal,Gestante Rh− não sensibilizada: qual profilaxia rotineira correta?,Anti-D preferencialmente pós-parto,Anti-D por volta de 28s e até 72h após parto/eventos de risco,Anti-D mensal a partir de 12s,Anti-D preferencialmente se feto Rh−,Sem profilaxia,B,"Profilaxia antenatal (~28s) e pós-evento (parto de RN Rh+, procedimentos, sangramentos).",2,"anti-D,profilaxia"
CUR2-020,Isoimunização Materno-Fetal,"Doppler ACM 1,7 MoM a 30s em gestante sensibilizada. Conduta geral:",Alta e retorno em 1 semana,Transfusão intrauterina/planejamento de parto conforme IG e condições,Aguardar até 37s habitualmente,Preferencialmente PBF,Evitar cordocentese,B,"ACM >1,5 MoM sugere anemia moderada/grave → considerar transfusão IU e/ou antecipar parto.",4,"ACM,transfusão,parto"
CUR2-021,Sofrimento Fetal Agudo e Crônico,"Na CTG, qual achado classifica Categoria III (NICHD)?",Variabilidade moderada com DIPs variáveis esporádicas,Variabilidade ausente com DIPs tardias recorrentes e/ou bradicardia sustentada ou padrão sinusoidal,Taquicardia basal isolada,DIPs precoces,Acelerações frequentes,B,"Categoria III: variabilidade ausente com DIPs tardias/variáveis recorrentes, bradicardia sustentada ou sinusoidal.",4,"CTG,NICHD,cat III"
CUR2-022,Sofrimento Fetal Agudo e Crônico,Intraparto com taquissistolia por ocitocina e DIPs tardias. Primeira medida:,Aumentar ocitocina,"Suspender ocitocina e medidas intrauterinas (lateralizar, O2, hidratar)",Amniotomia,Cesárea imediata sem medidas,Toque repetido,B,Primeiro reverter hipoperfusão uteroplacentária: suspender ocitocina e medidas intrauterinas.,3,"taquissistolia,medidas intrauterinas"
CUR2-023,Sofrimento Fetal Agudo e Crônico,RCIU com diástole reversa na AU a 31s. Conduta:,Alta e reavaliar em 2 semanas,Manter até 37s se PBF 8/8,Programar parto considerando corticoterapia/UTI neonatal,Preferencialmente repouso,Prova de Pose,C,"Diástole reversa é marcador de gravidade → programar parto conforme IG, após corticoterapia se indicado.",4,"RCIU,doppler,parto"
CUR2-024,"Infecções na Gestação - Sífilis, Hepatite B, Toxoplasmose e EGB","Gestante 10s, VDRL 1:32 e teste treponêmico positivo, sem alergia a penicilina. Conduta:",Azitromicina VO,Benzatina penicilina G conforme estágio (tratar imediatamente),Doxiciclina 14 dias,Aguardar 2º tri,Nenhuma conduta,B,Sífilis na gestação deve ser tratada com penicilina benzatina conforme fase; tratar parceiro e seguir VDRL.,3,"sífilis,tratamento"
CUR2-025,"Infecções na Gestação - Sífilis, Hepatite B, Toxoplasmose e EGB",HIV em TARV com carga viral 2.400 cópias/mL em 36s. Via de parto:,Parto vaginal habitualmente,Cesárea eletiva programada (carga acima do corte),Cesárea preferencialmente se bolsa rota,Vaginal habitualmente não recomendado,Fórceps profilático,B,"Com CV > 1.000, recomenda-se cesárea programada; < 1.000 pode permitir via vaginal com precauções.",4,"HIV,via de parto"
CUR2-026,"Infecções na Gestação - Sífilis, Hepatite B, Toxoplasmose e EGB",HBsAg+ com alta carga viral no 3º tri. Qual medida adicional além da imunoprofilaxia neonatal?,Lamivudina curta,Tenofovir a partir de ~28–32s,Preferencialmente cesárea,Interferon na gestação,Adiar vacinação do RN,B,Antiviral (ex.: tenofovir) no 3º tri reduz transmissão vertical; RN deve receber HBIG + vacina nas 12h.,4,"HBV,tenofovir,TV"
CUR2-027,"Infecções na Gestação - Sífilis, Hepatite B, Toxoplasmose e EGB",IgM positiva e IgG negativa para toxoplasmose no 2º tri. Melhor próximo passo:,Iniciar sulfadiazina+pirimetamina de imediato,Solicitar avididade de IgG; considerar espiramicina e avaliar infecção fetal (PCR LA) conforme evolução,Nada a fazer na gestação,Aguardar 3º tri,Interrupção imediata,B,Avididade ajuda a datar; espiramicina reduz TV até confirmar infecção fetal; PCR LA se indicado.,3,"toxoplasmose,avididade,espiramicina"
CUR2-028,"Infecções na Gestação - Sífilis, Hepatite B, Toxoplasmose e EGB",Bacteriúria assintomática na gestação (≥10^5 UFC/mL). Conduta:,Não tratar por ser assintomática,Tratar com antibiótico seguro conforme sensibilidade para reduzir risco de pielonefrite/PP,Preferencialmente hidratação,Aguardar sintomatologia,Nitrofurantoína por 2 dias sem urocultura,B,Tratar bacteriúria assintomática reduz pielonefrite e parto prematuro.,2,"ITU,bacteriúria assintomática"
CUR2-029,Infertilidade Conjugal,"Casal <35 anos, 12 meses de coito regular sem concepção. Avaliação inicial OBRIGATÓRIA inclui:",Ressonância pélvica,Espermatograma e avaliação ovulatória,Histeroscopia para todas,Laparoscopia diagnóstica de rotina,Teste pós-coito,B,Triagem básica: espermograma e avaliação de ovulação; investigar trompas com HSG conforme caso.,2,"infertilidade,triagem"
CUR2-030,Infertilidade Conjugal,Anovulação crônica (ex.: SOP) com desejo reprodutivo. Opção de primeira linha para indução ovulatória:,Clomifeno/letrozol,Cabergolina,Progesterona contínua,Danazol,GnRH contínuo,A,Clomifeno/letrozol são de primeira linha; associar medidas de estilo de vida.,2,"SOP,indução ovulatória"
CUR2-031,Infertilidade Conjugal,Fator tubário suspeito. Exame inicial mais utilizado para avaliação de permeabilidade tubária:,RM pélvica,Histerossalpingografia (HSG),US transvaginal simples,Culdoscopia,CA-125,B,HSG é método inicial para avaliar permeabilidade das trompas.,2,"fator tubário,HSG"
CUR2-032,Tireoidopatias na Gestação,"Hipotireoidismo clínico no 1º tri (TSH alto, T4L baixo). Conduta típica:",Metimazol,Propiltiouracil,"Levotiroxina ajustando dose para meta de TSH ~0,1–2,5",Preferencialmente observar,Iodo radioativo,C,Tratar com levotiroxina e metas mais baixas no 1º tri; monitorar TSH/T4L.,3,"hipotireoidismo,levotiroxina"
CUR2-033,Tireoidopatias na Gestação,Hipertireoidismo confirmado no 1º trimestre. Manejo farmacológico preferido:,Metimazol durante todo 1º tri,PTU no 1º tri e considerar troca para metimazol no 2º/3º,Iodo radioativo,Suspender tratamento,Preferencialmente betabloqueador,B,PTU preferido no 1º tri (menor teratogenicidade); considerar troca para metimazol após 1º tri.,3,"hipertireoidismo,PTU,metimazol"
CUR2-034,Tireoidopatias na Gestação,Mulher no pós-parto com fase inicial de tireotoxicose seguida de hipotireoidismo e recuperação. Diagnóstico provável:,Doença de Graves,Tireoidite pós-parto,Adenoma tóxico,Tireoidite de Hashimoto fulminante,Crise tireotóxica,B,Curso bifásico de tireoidite pós-parto: fase tireotóxica transitória seguida de hipotireoidismo.,2,tireoidite pós-parto
CUR2-035,Vulvovaginites,"Corrimento homogêneo acinzentado, odor fétido pós-coito, pH > 4,5, clue cells. Tratamento na gestação sintomática:",Fluconazol VO,Metronidazol VO 500 mg 12/12h 7 dias (ou alternativas seguras),Azitromicina,Clindamicina IM,Nistatina VO,B,Vaginose bacteriana: metronidazol VO é opção segura/eficaz em gestantes sintomáticas.,2,"VB,metronidazol,gestante"
CUR2-036,Vulvovaginites,"Prurido vaginal intenso, corrimento espesso grumoso, pH normal, pseudohifas. Tratamento na gestação:",Fluconazol oral dose única,Antifúngico tópico (clotrimazol/miconazol) intravaginal,Metronidazol oral,Antibiótico de amplo espectro,Preferencialmente higiene,B,"Na gestação, preferir antifúngicos tópicos; evitar azólicos sistêmicos.",2,"candidíase,gestação,trt tópico"
CUR2-037,Vulvovaginites,"Corrimento amarelo-esverdeado, bolhoso, colpite em framboesa, pH elevado. Tratamento na gestação:",Doxiciclina,Metronidazol 2 g VO dose única (ou 500 mg 12/12h 7 dias) e tratar parceiro,Fluconazol,Preferencialmente higiene,Clindamicina intramuscular,B,Tricomoníase: metronidazol e tratar parceiro sexual.,2,"tricomoníase,tratamento,parceiro"
CUR2-038,Sofrimento Fetal Agudo e Crônico,Desacelerações tardias recorrentes com variabilidade mínima após medidas intrauterinas. Próximo passo:,Continuar ocitocina,Prolongar observação por 12h,Considerar resolução do parto (via mais rápida),Amniotomia indicação frequente,Alta — avaliar contexto clínico,C,Persistência de hipóxia/comprometimento apesar de medidas → indicar desfecho.,4,"CTG,tardias,conduta"
CUR2-039,Sofrimento Fetal Agudo e Crônico,Avaliação de gestação de alto risco com RCIU: a sequência de piora dopplervel mais preocupante é:,Umbilical normal → ducto venoso reverso → ACM elevada → AU ausente,ACM elevada → AU ausente/reversa → ducto venoso alterado,Ducto venoso alterado → AU ausente → ACM baixa,ACM baixa → AU ausente → ducto venoso normal,Tudo igual — considerando diretrizes vigentes,B,"Na RCIU, há centralização (ACM elevada), depois piora na AU (ausência/ reversa) e por fim ducto venoso.",4,"RCIU,doppler,progressão"
CUR2-040,Hemorragias da 2ª Metada de Gestação,"Entre as complicações clássicas do DPP, está(ão):",Preferencialmente coagulopatia,Útero de Couvelaire e coagulopatia; risco de CIVD e Sheehan,Preferencialmente rotura uterina,Nenhuma complicação hemorrágica,Preferencialmente laceração cervical,B,"DPP grave pode cursar com coagulopatia/consumo, útero de Couvelaire e risco de necrose hipofisária (Sheehan).",4,"DPP,coagulopatia,Couvelaire,Sheehan"
CUR2-041,Hemorragias da 1ª  Metade da Gestação,"Paciente 7s, β-hCG 2.100 mUI/mL e US transvaginal mostra útero vazio. Conduta mais apropriada:",Repetir β-hCG em 48h e/ou US seriada para confirmar evolução antes de intervir,Diagnosticar ectópica e operar imediatamente,Metotrexato indicação frequente,Aspiração uterina ambulatorial,Alta definitiva sem seguimento,A,"Com β-hCG próximo/abaixo da zona discriminatória e US sem SG, repetir β-hCG/US para diferenciar IG incerta, ectópica inicial ou aborto.",3,"β-hCG,zona discriminatória,ectópica"
CUR2-042,Hemorragias da 1ª  Metade da Gestação,"Sobre aborto inevitável, assinale a característica típica:",Colo fechado e BCF presente,"Colo pérvio com sangramento e dor, sem eliminação completa dos produtos",US sem restos ovulares após sangramento,Febre e odor fétido,Ausência de BCF em controles seriados sem sangramento,B,"Aborto inevitável: colo dilatado + sangramento/dor, ainda sem eliminação completa dos produtos.",2,"aborto inevitável,colo pérvio"
CUR2-043,Hemorragias da 1ª  Metade da Gestação,"Após AMIU por aborto incompleto, qual sinal indica necessidade de reavaliação precoce?",Sangramento discreto por 24–48h,Dor tipo cólica leve controlada com analgésico,"Febre, dor pélvica progressiva ou sangramento fétido",Leucocitose isolada em 10.000,Amenorreia por 2 semanas,C,Sinais infecciosos/sangramento fétido sugerem complicação (restos infectados) e exigem reavaliação.,2,"pós-AMIU,complicações"
CUR2-044,Hemorragias da 1ª  Metade da Gestação,"Na doença trofoblástica gestacional, um critério de suspeita de neoplasia gestacional (GTN) pós-AMIU é:",Queda sustentada do β-hCG a zero,Elevação ou platô do β-hCG em dosagens seriadas,Amenorreia prolongada com β-hCG indetectável,US pélvica normal,Sangramento ausente,B,GTN: elevação/platô do β-hCG em seguimento pós-esvaziamento exige investigação/tratamento.,4,"DTG,GTN,β-hCG"
CUR2-045,Hemorragias da 2ª Metada de Gestação,"Placenta baixa (low-lying) com borda a 15 mm do OI em 32s, assintomática. Conduta:",Toque para avaliar dilatação,US transvaginal seriada; expectativa de migração; evitar toque,Induzir parto,Corticoterapia e cesárea imediata,Alta definitiva sem seguimento,B,Placenta de inserção baixa pode migrar; acompanhamento com US TV e evitar toque.,2,"placenta baixa,US TV,conduta"
CUR2-046,Hemorragias da 2ª Metada de Gestação,Maior fator de risco para acretismo placentário (placenta acreta/increta/percreta):,Primigesta sem cicatriz,Cicatriz de cesárea prévia associada a placenta prévia atual,Mioma submucoso,Curetagem no passado distante,Uso de DIU prévio,B,A combinação cesárea prévia + placenta prévia aumenta fortemente o risco de acretismo.,3,"acretismo,fator de risco,cesárea prévia"
CUR2-047,Hemorragias da 2ª Metada de Gestação,DPP suspeita: exame auxiliar mais útil para confirmar rapidamente o diagnóstico:,US habitualmente confirma; DPP é ultrassonográfico,Não há exame que exclua DPP; é diagnóstico clínico e a US pode ser normal,RNM urgente é padrão‑ouro,Prova de Kleihauer confirma em minutos,CTG normal exclui DPP,B,"DPP é essencialmente clínico; a US pode ser normal. Exames complementam, mas não excluem o quadro.",3,"DPP,diagnóstico clínico"
CUR2-048,Hemorragias da 2ª Metada de Gestação,"Na DPP grave, qual alteração laboratorial sugere consumo de fatores de coagulação:",Fibrinogênio elevado,Fibrinogênio baixo e TP/TTPa prolongados,Plaquetas altas,D-dímero ausente,Hemoglobina aumentada,B,Hipofibrinogenemia e coagulopatia de consumo são típicas nas DPPs extensas.,3,"DPP,coagulopatia,fibrinogênio"
CUR2-049,Hemorragias da 2ª Metada de Gestação,"Sangramento indolor no 3º tri, útero macio, feto reativo. Conduta inicial correta:",Toque vaginal,Especular e US TV para afastar placenta prévia,Amniotomia,Indução com ocitocina,Alta imediata,B,Evitar toque digital e avaliar com US TV; exame especular é seguro.,2,"placenta prévia,exame especular"
CUR2-050,Hemorragias da 2ª Metada de Gestação,Vasa prévia: melhor método **pré-natal** de rastreio/diagnóstico:,US obstétrica sem Doppler; o Doppler atrapalha,US transvaginal com Doppler colorido evidenciando vasos sobre o OI,Teste de Apt pré‑natal,Toque vaginal com amnioscopia,Cardiotocografia de repouso,B,"O Doppler colorido em US TV identifica vasos sobre o OI, método de escolha para vasa prévia.",3,"vasa prévia,Doppler colorido"
CUR2-051,Hemorragias da 2ª Metada de Gestação,"Placenta prévia com sangramento ativo a 33s, hemodinamicamente estável. Conduta inicial:","Expectante hospitalar com corticoide, evitar toque, vigilância",Indução com ocitocina e amniotomia,Alta domiciliar sem corticoide,Toque digital para estratificar sangramento,Cesárea imediata em todas as pacientes,A,"Estável e pré‑termo: conduta expectante, corticoterapia e vigilância; evitar toque digital.",3,"placenta prévia,corticoterapia,expectante"
CUR2-052,Hemorragias da 2ª Metada de Gestação,DPP leve com feto vivo e estável a 35s. Conduta:,Alta e retorno em uma semana,Interrupção do parto (geralmente via vaginal se factível),Aguardar até 40s,Amniotomia contraindicada habitualmente,Preferencialmente analgesia,B,DPP em fim de gestação indica interrupção; via depende do quadro e progresso.,3,"DPP,interrupção,vaginal"
CUR2-053,Isoimunização Materno-Fetal,Coombs indireto (CI) negativo no 1º tri em gestante Rh− sem eventos. Melhor conduta:,Repetir preferencialmente no parto,Repetir CI trimestralmente e aplicar anti-D profilático por volta de 28s,Indicar cordocentese,Evitar nova coleta,Fazer parto aos 34s,B,Rastreamento seriado e profilaxia de rotina ao redor de 28s.,2,"Coombs indireto,profilaxia"
CUR2-054,Isoimunização Materno-Fetal,"Evento com risco de hemorragia feto-materna (ex.: trauma, amniocentese) em gestante Rh− não sensibilizada. Conduta:",Aguardar parto para anti-D,Administrar imunoglobulina anti-D em até 72h,Fazer preferencialmente PBF,Avaliar preferencialmente com CTG,Sem necessidade de ação,B,Anti-D após eventos de risco reduz sensibilização.,2,"anti-D,eventos risco"
CUR2-055,Isoimunização Materno-Fetal,"Em gestante sensibilizada, a utilidade do teste de DNA fetal livre materno (cffDNA) para RhD é:",Confirmar anemia fetal,Determinar genótipo RhD fetal evitando procedimentos invasivos,Definir dose de anti-D,Indicar cesárea,Sem utilidade,B,CffDNA pode identificar RhD fetal e orientar seguimento.,3,"cffDNA,RhD fetal"
CUR2-056,Isoimunização Materno-Fetal,Valor de referência do Doppler ACM que sugere anemia fetal moderada a grave:,"< 1,0 MoM","≈ 1,5 MoM ou maior","2,5 DP abaixo do normal",Preferencialmente PBF alterado,Qualquer aumento já é grave,B,"PSV ACM ≥1,5 MoM correlaciona com anemia significativa.",3,"ACM,PSV,anemia"
CUR2-057,Isoimunização Materno-Fetal,CI (título) crítico em vigilância por isoimunização geralmente acende alerta por volta de:,1:2,1:8–1:16 (varia por laboratório/serviço),1:128 habitualmente,1:256 em todos,Não há títulos,B,Títulos críticos mais comuns giram em 1:8–1:16; variar conforme serviço.,3,"título crítico,Coombs indireto"
CUR2-058,Isoimunização Materno-Fetal,"Em anemia fetal confirmada, terapia de escolha intraútero:",Transfusão intraperitoneal,Transfusão intravascular por cordocentese,Corticoterapia materna,Amnioinfusão,Aguardar até termo,B,Transfusão intravascular é padrão em anemia moderada/grave.,4,"transfusão intrauterina,cordocentese"
CUR2-059,Isoimunização Materno-Fetal,"Indicativo de interrupção da gestação por isoimunização, de forma geral:","ACM persistentemente <1,0 MoM","ACM ≥1,5 MoM perto da viabilidade avançada, sinais de hidropsia, falha terapêutica",CI negativo,Ausência de anticorpos anti-D,TPHA positivo,B,Gravidade (ACM alto/hidropsia) e maturidade orientam antecipação do parto.,3,"parto,gravidade,ACM"
CUR2-060,Isoimunização Materno-Fetal,"Puerpério imediato de puérpera Rh− com RN Rh+. Além da vacinação do RN, considerar:",Anti-D materno em até 72h e avaliação de FMH para dose,Anti-D não é necessário,Interferon,Transfusão materna,Corticoterapia materna,A,Anti-D materno pós-parto e teste de FMH (Kleihauer) para ajustar dose se necessário.,2,"pós-parto,anti-D,Kleihauer"
CUR2-061,Isoimunização Materno-Fetal,"ABO incompatibilidade materno-fetal (mãe O, feto A/B) protege contra isoimunização Rh principalmente porque:",Bloqueia passagem de IgG,"Promove hemólise precoce de hemácias fetais que entram na mãe, reduzindo sensibilização anti-D",Aumenta títulos de anti-D,Induz tolerância,Sem relação,B,Hemólise rápida por ABO pode reduzir sensibilização anti-D.,3,"ABO,proteção,anti-D"
CUR2-062,Isoimunização Materno-Fetal,Qual NÃO é indicação rotineira de profilaxia anti-D na gestação Rh− não sensibilizada?,Sangramento no 2º/3º trimestre,Procedimentos invasivos (ex.: amniocentese),Trauma abdominal,Rinite alérgica,Versão cefálica externa,D,Rinite alérgica não tem relação; os demais eventos requerem anti-D.,2,"profilaxia,anti-D,indicações"
CUR2-063,Isoimunização Materno-Fetal,"Durante vigilância com ACM seriado, a periodicidade típica quando próxima do limiar é:",Anual,Semanal,Diária,Mensal,A cada 12 semanas,B,Medições semanais são comuns quando valores aproximam o limiar.,2,"ACM,periodicidade"
CUR2-064,Isoimunização Materno-Fetal,Pai RhD heterozigoto; mãe Rh− não sensibilizada. Estratégia para reduzir procedimentos invasivos:,Cordocentese precoce,Determinar RhD fetal por cffDNA,Parto antecipado,Nenhuma ação,Anti-D profilático diário,B,Genotipagem fetal não invasiva evita procedimentos desnecessários.,3,"RhD fetal,cffDNA"
CUR2-065,Sofrimento Fetal Agudo e Crônico,Desacelerações variáveis recorrentes com líquido escasso e cordão comprimido. Medida intraparto útil:,Aumentar ocitocina,Amnioinfusão,Toque repetitivo,Nitroprussiato,Betametasona,B,Amnioinfusão pode reduzir variáveis por alívio de compressão de cordão.,3,"variáveis,amnioinfusão"
CUR2-066,Sofrimento Fetal Agudo e Crônico,Prova de Pose (teste de contrações) é considerada positiva quando:,Há acelerações com todas as contrações,Há DIPs tardias recorrentes em ≥ 50% das contrações,Há DIPs precoces isoladas,Não há contrações,Variabilidade moderada,B,DIPs tardias ≥50% das contrações indicam comprometimento.,3,"CST,prova de pose,positiva"
CUR2-067,Sofrimento Fetal Agudo e Crônico,Mecanismo de defesa fetal inicial frente à hipóxia crônica:,Aumento do débito para pele,Centralização: aumento do fluxo cerebral (ACM) e redução periférica,Taquipneia fetal sustentada,Aumento imediato do tônus,Elevação da FCF basal persistente,B,Centralização prioriza encéfalo e coração (doppler ACM elevado).,2,"centralização,RCIU"
CUR2-068,Sofrimento Fetal Agudo e Crônico,"Componentes do Perfil Biofísico Fetal (PBF) incluem, EXCETO:",Movimentos corporais,Movimentos respiratórios,Tônus fetal,Índice de líquido amniótico,PSV da artéria cerebral média,E,"PBF tradicional não inclui Doppler; avalia movimentos, tônus, respiração, LA e CTG (ou reatividade).",2,"PBF,componentes"
CUR2-069,Sofrimento Fetal Agudo e Crônico,CTG com variabilidade ausente e padrão sinusoidal sustentado. Interpretação:,Sono fetal,Anemia fetal grave / hemorragia,Compressão de cordão leve,Normal do intraparto,Artefato habitualmente,B,Padrão sinusoidal é associado a anemia severa.,4,"sinusoidal,anemia"
CUR2-070,Sofrimento Fetal Agudo e Crônico,TaqÜissistolia (≥5 contrações/10 min) com desacelerações tardias. Primeira conduta:,Aumentar infusão de ocitocina,Suspender ocitocina e medidas intrauterinas,Realizar amniotomia,Forçar pujos,Alta,B,Reduzir estimulação uterina e otimizar perfusão.,3,"taquissistolia,medidas intrauterinas"
CUR2-071,Sofrimento Fetal Agudo e Crônico,Quando considerar coleta de lactato/pH de couro cabeludo intraparto (onde disponível):,Categoria I,Categoria III franca com bradicardia terminal,Categoria II persistente sem melhora após medidas,Traçado habitualmente normal,Em todas as pacientes,C,Pode ajudar na estratificação de traçados intermediários persistentes.,3,"couro cabeludo,lactato,cat II"
CUR2-072,Sofrimento Fetal Agudo e Crônico,DFM (diminuição de movimentos fetais) relatada. Conduta inicial adequada:,Alta e revisar em 1 semana,Avaliar com CTG/PBF conforme protocolo e orientar vigilância materna,Amniotomia,Internação de rotina,Nenhuma avaliação,B,DFM exige avaliação de vitalidade (CTG/PBF) e orientação.,2,"DFM,CTG,PBF"
CUR2-073,Sofrimento Fetal Agudo e Crônico,Sequência típica de piora Doppler em RCIU placentário:,ACM baixa → AU ausente → DV reverso,ACM elevada → AU ausente/reversa → DV alterado,DV alterado → AU ausente → ACM baixa,Nada se altera em sequência,ACM normal habitualmente,B,"Centralização (ACM↑) seguida de alterações na AU e, por fim, DV.",3,"RCIU,sequência Doppler"
CUR2-074,Sofrimento Fetal Agudo e Crônico,Indicação de interrupção em RCIU:,"ACM 1,0 MoM",AU com diástole reversa com 30–32s após corticoterapia e suporte neonatal,PBF 10/10,LA normal,Peso estimado >p50,B,Diástole reversa na AU é marcador grave e indica interrupção com planejamento neonatal.,4,"RCIU,AU reversa,parto"
CUR2-075,"Infecções na Gestação - Sífilis, Hepatite B, Toxoplasmose e EGB",Sífilis: queda esperada do VDRL após tratamento adequado na gestação (tendência):,"Queda de pelo menos duas diluições ao longo de meses, conforme estágio",Negativação indicação frequente em 2 semanas,Título invariavelmente sobe antes de cair,Nenhuma mudança até o puerpério,Aumento de quatro diluições é esperado,A,"Após tratamento adequado, espera‑se queda gradual (≥2 diluições) conforme estágio; nem sempre negativará rapidamente.",2,"sífilis,seguimento,VDRL"
CUR2-076,"Infecções na Gestação - Sífilis, Hepatite B, Toxoplasmose e EGB",Reação de Jarisch-Herxheimer na gestação está associada a:,Prevenção de parto prematuro,Risco de hipertonia uterina e alterações FCF após início da penicilina,Hipotireoidismo,Hiperêmese,Nenhuma repercussão,B,"Pode ocorrer após início do tratamento, exigindo vigilância fetal.",3,"sífilis,Jarisch-Herxheimer"
CUR2-077,"Infecções na Gestação - Sífilis, Hepatite B, Toxoplasmose e EGB",Profilaxia intraparto para EGB é indicada quando:,Profilaxia preferencialmente se carga ≥10^5 UFC/mL,Bacteriúria por EGB em qualquer contagem na gestação indica profilaxia intraparto,Triagem 35–37s negativa exige profilaxia,Preferencialmente alergia à penicilina indica profilaxia,Cesárea eletiva com membranas íntegras indica profilaxia,B,"EGB em urocultura, mesmo em baixas contagens, é indicação de profilaxia intraparto.",3,"GBS,profilaxia,urocultura"
CUR2-078,"Infecções na Gestação - Sífilis, Hepatite B, Toxoplasmose e EGB",Antibiótico de primeira linha para profilaxia intraparto de EGB (sem alergia):,Cefalexina,Penicilina G ou ampicilina EV,Ceftriaxona,Vancomicina habitualmente,Azitromicina,B,Penicilina G/ampicilina EV são primeira linha para EGB intraparto.,2,"GBS,penicilina,ampicilina"
CUR2-079,"Infecções na Gestação - Sífilis, Hepatite B, Toxoplasmose e EGB",Toxoplasmose gestacional confirmada com infecção fetal. Esquema clássico:,Espiramicina até o fim,Sulfadiazina + pirimetamina + ácido folínico em ciclos,Preferencialmente azitromicina,Doxiciclina,Preferencialmente ácido folínico,B,Infecção fetal: esquema triplo com folínico (após 1º tri).,3,"toxoplasmose,triplo,folínico"
CUR2-080,"Infecções na Gestação - Sífilis, Hepatite B, Toxoplasmose e EGB","HBsAg+ na gestação: para o RN ao nascer, recomenda-se:",Preferencialmente vacina em 24h,Vacina + imunoglobulina específica nas primeiras 12–24h,Preferencialmente imunoglobulina,Adiar até 7º dia,Nenhuma medida,B,Vacina + HBIG nas primeiras horas reduz transmissão vertical.,2,"HBV,HBIG,vacina RN"
CUR2-081,"Infecções na Gestação - Sífilis, Hepatite B, Toxoplasmose e EGB",Coriamnionite (suspeita intraparto): conduta:,Alta domiciliar,Antibiótico amplo EV e indicar interrupção do parto,Preferencialmente antitérmico,Aguardar resolução espontânea,Preferencialmente hidratação,B,Coriamnionite exige antibiótico EV e indicação de parto.,3,"coriamnionite,antibiótico,parto"
CUR2-082,"Infecções na Gestação - Sífilis, Hepatite B, Toxoplasmose e EGB","HIV com CV indetectável em 38s, TARV regular. Via de parto:",Cesárea indicação frequente,"Parto vaginal possível com cuidados, sem indicação de cesárea por CV",Fórceps profilático,Contraindicar amamentação em todos os casos,Suspender TARV,B,"Com CV indetectável, parto vaginal é possível (protocolos locais); manutenção da TARV.",2,"HIV,via parto,CV baixa"
CUR2-083,"Infecções na Gestação - Sífilis, Hepatite B, Toxoplasmose e EGB",ITU baixa sintomática na gestação. Opção adequada inicial (conforme sensibilidade local):,Nitrofurantoína 5–7 dias,Ciprofloxacino,Doxiciclina,Aminoglicosídeo IM ambulatorial,Sem antibiótico,A,Nitrofurantoína é opção segura para cistite não complicada na gestação (evitar perto do termo conforme protocolo).,2,"ITU,cistite,nitrofurantoína"
CUR2-084,"Infecções na Gestação - Sífilis, Hepatite B, Toxoplasmose e EGB",Triagem universal para EGB é recomendada em que período:,12–16 semanas,19–22 semanas,35–37 semanas,Após 40 semanas,Preferencialmente no parto,C,Janela 35–37s equilibra sensibilidade/especificidade para o intraparto próximo.,2,"GBS,triagem,35-37"
CUR2-085,Infertilidade Conjugal,Mulher ≥35 anos com 6 meses de tentativa sem concepção. Conduta:,Investigar após 6 meses sem concepção,Habitualmente aguardar 12 meses,Investigar preferencialmente após 24 meses,Induzir ovulação sem investigação,Solicitar preferencialmente histeroscopia,A,≥35 anos: inicia‑se investigação após 6 meses de tentativas sem êxito.,2,"idade,tempo investigação"
CUR2-086,Infertilidade Conjugal,"Avaliação do fator ovulatório inclui, EXCETO:",História de ciclos regulares,Progesterona sérica na fase lútea,US de ovulação seriada,Dosagem de AMH para ovulação do ciclo atual,Temperatura basal,D,"AMH avalia reserva, não confirma ovulação do ciclo corrente.",3,"ovulação,progesterona,AMH"
CUR2-087,Infertilidade Conjugal,Avaliação da reserva ovariana: melhor conjunto de testes:,Progesterona na fase lútea,"FSH e estradiol no D3, AMH e contagem de folículos antrais",Prolactina isolada,TSH isolado,Beta-hCG,B,"FSH/E2 D3, AMH e AFC estimam reserva ovariana.",3,"reserva,FSH,AMH,AFC"
CUR2-088,Infertilidade Conjugal,Infertilidade sem fator masculino; seleção para inseminação intrauterina (IIU) típica leva em conta:,TMC (total de motéis) pós-capacitação adequado,Preferencialmente morfologia,Preferencialmente volume seminal,Habitualmente IVF diretamente,Nenhum critério,A,TMC pós-capacitação adequado é preditor de sucesso na IIU.,2,"IIU,TMC,capacitação"
CUR2-089,Infertilidade Conjugal,Indicação clássica de FIV em vez de IIU:,Fator tubário bilateral obstrutivo,Ovulação regular,Espermograma normal,Ciclos irregulares leves,Idade <30a,A,Obstrução bilateral das trompas direciona para FIV.,3,"FIV,fator tubário"
CUR2-090,Infertilidade Conjugal,Hiperprolactinemia e infertilidade. Primeira abordagem:,Letrozol é primeira linha,"Cabergolina/Bromocriptina após avaliar a causa, quando indicado",Danazol é droga de escolha,Iniciar FIV diretamente,Antibioticoterapia por 14 dias,B,Hiperprolactinemia: investigar etiologia e tratar com agonista dopaminérgico quando indicado.,3,"hiperprolactinemia,cabergolina"
CUR2-091,Infertilidade Conjugal,Endometriose moderada com dor e infertilidade. Opção terapêutica com melhor chance de gravidez:,Preferencialmente ACO contínuo,Cirurgia conservadora vs FIV dependendo da idade/reserva,Antibiótico,Dieta exclusiva,Não tratar,B,Cirurgia pode restaurar anatomia; FIV se idade/reserva indicar.,3,"endometriose,cirurgia,FIV"
CUR2-092,Infertilidade Conjugal,Definição clássica de infertilidade:,Incapacidade de conceber após 24 meses de coitos desprotegidos,Incapacidade de conceber após período apropriado (12 meses <35a; 6 meses ≥35a),Habitualmente 3 meses,Preferencialmente se houver SOP,Preferencialmente se homem tiver varicocele,B,Critério temporal depende da idade feminina.,2,"definição,tempo"
CUR2-093,Infertilidade Conjugal,Fator masculino: parâmetro anormal no espermograma que demanda reavaliação:,"Concentração 20 mi/mL, motilidade total 45%","Concentração 8 mi/mL, motilidade 30%","Volume 2,5 mL",Morfologia 6% (estrita),"pH 7,8",B,Concentração baixa e motilidade reduzida indicam alteração significativa.,2,"fator masculino,espermograma"
CUR2-094,Infertilidade Conjugal,Contraindicação relativa à indução ovulatória com clomifeno/letrozol:,Amenorreia por hiperprolactinemia não tratada,Ciclos longos por SOP leve,IMC 26,Idade 28,Tireoide normal,A,Tratar hiperprolactinemia antes de indução.,2,"indução,hiperprolactinemia"
CUR2-095,Infertilidade Conjugal,HSG mostra trompa direita pérvia e esquerda obstruída. Próxima conduta:,FIV imediatamente para todas,"Avaliar conjunto (idade, tempo, fator masculino) e considerar IIU",Cirurgia indicação frequente,Aguardar 2 anos,Suspender tentativa,B,"Com uma trompa pérvia e parâmetros favoráveis, IIU pode ser opção.",2,"HSG,unilateral,IIU"
CUR2-096,Infertilidade Conjugal,Infertilidade inexplicada em casal jovem. Conduta inicial razoável:,FIV direta para todos,Ciclos de IIU com indução leve por alguns meses antes de FIV,Aguardar indefinidamente,Cirurgia exploradora de rotina,Esquema antibiótico,B,IIU com indução leve é estratégia inicial comum antes de FIV.,2,"inexplicada,IIU,passo-a-passo"
CUR2-097,Tireoidopatias na Gestação,Gestante hipotireoidea previamente tratada engravida. Conduta habitual na confirmação da gestação:,Reduzir a dose de levotiroxina,Aumentar a dose em ~25–30% e monitorar TSH a cada 4–6 semanas,Suspender levotiroxina,Trocar por metimazol,Repetir TSH preferencialmente no pós‑parto,B,A necessidade de T4 aumenta na gestação; eleva‑se a dose e monitoriza‑se o TSH frequentemente.,3,"hipotireoidismo,ajuste dose"
CUR2-098,Tireoidopatias na Gestação,Hipotireoidismo subclínico com TPO+ no 1º tri. Conduta mais aceita:,Não tratar em geral não,Considerar levotiroxina visando TSH em alvos do 1º tri,Iodo radioativo,Metimazol,Preferencialmente repetir em 1 ano,B,TPO+ e TSH acima do limite do trimestre favorecem tratamento.,3,"subclínico,TPO+,levotiroxina"
CUR2-099,Tireoidopatias na Gestação,Meta de TSH na gestação (1º trimestre) em tratamento:,"0,1–2,5 mUI/L","3,5–5,0 mUI/L",5–7 mUI/L,Qualquer valor é aceitável,Preferencialmente T3 importa,A,"Meta de TSH no 1º trimestre costuma ser ~0,1–2,5 mUI/L em gestantes tratadas.",2,"TSH,metas,1º tri"
CUR2-100,Tireoidopatias na Gestação,Hipertireoidismo no 2º/3º tri. Tratamento preferido:,PTU durante toda a gestação,Metimazol (após 1º tri) em menor dose eficaz,Iodo radioativo,Aumentar levotiroxina,Preferencialmente betabloqueador,B,"Após 1º tri, metimazol é preferido.",2,"hipertireoidismo,metimazol"
CUR2-101,Tireoidopatias na Gestação,Crise tireotóxica na gestação. Pilar terapêutico imediato:,Preferencialmente hidratação,"Betabloqueador, antitireoidiano, iodeto após ATD, corticoide e suporte intensivo",Iodo radioativo,Suspender todos medicamentos,Preferencialmente antipirético,B,Crise exige terapia combinada e suporte intensivo.,4,"crise tireotóxica,gestação"
CUR2-102,Tireoidopatias na Gestação,TRAb elevado em mãe com Graves. Implicação fetal:,Nenhuma relevância,"Risco de tireotoxicose fetal; monitorar FC fetal, crescimento e Doppler",Hipotireoidismo materno,Indicação de cesárea indicação frequente,Suspender antitireoidiano,B,TRAb pode atravessar placenta e estimular tireoide fetal.,3,"TRAb,feto,monitorização"
CUR2-103,Tireoidopatias na Gestação,Nódulo tireoidiano detectado no 2º tri. Conduta geral:,Iodo radioativo para diagnóstico,"US + FNA conforme critérios; se operar, preferir 2º trimestre",Cirurgia urgente no 1º trimestre para todos os nódulos,Aguardar habitualmente o pós‑parto sem avaliação,Suspender toda medicação,B,"US e FNA são seguros; caso cirúrgico, prefere‑se o 2º trimestre quando possível.",3,"nódulo,FNA,cirurgia 2º tri"
CUR2-104,Tireoidopatias na Gestação,Tireoidite pós-parto. Manejo típico:,Iodo radioativo,Betabloqueador na fase tireotóxica; levotiroxina na fase hipo se sintomática; muitas recuperam espontaneamente,Metimazol por 12 meses,Cirurgia,Sem acompanhamento,B,"Curso bifásico e, muitas vezes, autolimitado; tratar sintomas.",2,"tireoidite pós-parto,tratamento"
CUR2-105,Tireoidopatias na Gestação,Alimentação ao seio e levotiroxina:,Não recomendado,Compatível; a LT4 é segura na lactação,Exige suspensão da LT4,Necessita reduzir dose habitualmente,Não recomendado por 6 meses,B,Levotiroxina é segura na amamentação.,1,"lactação,levotiroxina"
CUR2-106,Tireoidopatias na Gestação,Meta terapêutica no hipertireoidismo gestacional com ATD:,Manter T4L no limite alto da normalidade evitando hipotireoidismo fetal,Zerar T4L,"TSH habitualmente 0,0",FC fetal <100 habitualmente,TRAb 0 habitualmente,A,Objetivo é evitar excesso de bloqueio tireoidiano fetal.,3,"ATD,meta,T4L"
CUR2-107,Tireoidopatias na Gestação,Monitorização laboratorial do hipotireoidismo tratado na gestação:,"TSH mensalmente após ajuste inicial, depois a cada 4–6 semanas",TSH anual,Preferencialmente T3,Preferencialmente PRL,Sem necessidade,A,Reavaliações frequentes são necessárias por alterações fisiológicas.,2,"TSH,monitorização"
CUR2-108,Tireoidopatias na Gestação,Uso de iodo radioativo e gravidez:,Permitido após o 2º tri,Absolutamente não recomendado na gestação e lactação,Permitido na lactação,Dose reduzida é segura,Indicado para tireoidite,B,Radioiodo é contraindicado na gestação e lactação.,3,"radioiodo,CI,gravidez"
CUR2-109,Vulvovaginites,"Critérios de Amsel para vaginose bacteriana incluem, EXCETO:",Corrimento fino homogêneo,"pH vaginal >4,5",Teste de aminas positivo,Clue cells no esfregaço,Pseudohifas e esporos,E,"Pseudohifas indicam candidíase, não VB.",2,"Amsel,VB,diagnóstico"
CUR2-110,Vulvovaginites,Nugent score é baseado em:,pH e teste de amina,"Gram de flora vaginal (lactobacilos, Gardnerella/Bacteroides, Mobiluncus)",Cultura para Candida,PCR para Trichomonas,Exame de urina,B,Nugent usa Gram para pontuar flora e diagnosticar VB.,3,"Nugent,Gram,VB"
CUR2-111,Vulvovaginites,Candidíase vulvovaginal recorrente na gestação. Melhor estratégia:,Fluconazol VO mensal,Terapia tópica intermitente prolongada (azólico tópico),Antibiótico profilático,Clindamicina VO,Sem tratamento,B,"Na gestação, preferir esquemas tópicos; evitar fluconazol sistêmico.",2,"candidíase recorrente,gestação"
CUR2-112,Vulvovaginites,Tricomoníase e parceiro sexual:,Não há necessidade de tratar o parceiro,Tratar parceiro simultaneamente,Preferencialmente orientar higiene,Aguardar negativação da mulher,Usar penicilina benzatina,B,Tratar parceiro reduz recidiva.,2,"tricomoníase,parceiro"
CUR2-113,Vulvovaginites,Leucorreia fisiológica da gestação costuma apresentar:,pH elevado com odor fétido,"Secreção branca/leitosa, sem prurido importante e pH normal",Corrimento esverdeado bolhoso,Clue cells,Pseudohifas,B,Mudanças hormonais aumentam secreção fisiológica sem sinais infecciosos.,1,"leucorreia fisiológica,gestação"
CUR2-114,Vulvovaginites,BV na gestação assintomática de baixo risco:,Tratar rotineiramente para prevenir prematuridade,Não há indicação consistente de tratamento universal; individualizar,Internar,Antifúngico tópico,Iodo vaginal,B,Tratamento universal assintomático é controverso; individualizar conforme risco.,2,"VB,assintomática,conduta"
CUR2-115,Vulvovaginites,Candidíase: achado típico no exame:,"pH >5,5",Pseudohifas em KOH e pH normal,Clue cells,Movimento flagelado,Odor de amina intenso,B,Candidíase: pH normal e pseudohifas.,1,"candidíase,diagnóstico"
CUR2-116,Vulvovaginites,Tricomoníase: achado típico no exame:,Clue cells,Pseudohifas,Protozoários móveis flagelados em solução salina,Lactobacilos aumentados,pH normal,C,Microscopia em solução salina mostra tricomonas móveis; pH costuma estar elevado.,2,"tricomonas,microscopia"
CUR2-117,Vulvovaginites,Tratamento de VB na amamentação (sintomática):,Metronidazol VO é aceitável; pode orientar ordenha e descarte por 12–24h conforme dose,Fluconazol 400 mg,Ceftriaxona,Preferencialmente probióticos,Suspender amamentação por 1 mês,A,Metronidazol é compatível; recomendações variam com dose/forma.,2,"VB,lactação,metronidazol"
CUR2-118,Vulvovaginites,Persistência de sintomas após tratamento de VB. Próximo passo:,"Repetir curso, considerar alternativa (clindamicina) e avaliar ISTs/aderência",Dar antifúngico,Nada a fazer,Suspender toda medicação,Corticoterapia,A,Falha terapêutica pode requerer esquema alternativo e investigação.,2,"VB,recorrência,alternativa"
CUR2-119,Vulvovaginites,Gestante com candidíase vulvovaginal e fissuras dolorosas. Conduta:,Fluconazol VO 150 mg,Antifúngico tópico + medidas de conforto; evitar azólico sistêmico,Metronidazol,Penicilina G,Corticoterapia,B,"Na gestação, preferência por tópicos.",1,"candidíase,gestante,tratamento"
CUR2-120,Vulvovaginites,Tricomoníase no 1º tri. Conduta:,Adiar tratamento para pós-parto,Tratar com metronidazol (dose apropriada) e parceiro,Usar doxiciclina,Preferencialmente higiene,Vacina,B,Metronidazol é indicado e tratar parceiro reduz reinfecção.,2,"tricomoníase,1º tri,parceiro"
CUR3-001,Hemorragias da 1ª  Metade da Gestação,Sangramento no 1º trimestre em gestante Rh− não sensibilizada. Melhor conduta preventiva:,Não é necessário anti-D no 1º trimestre,Imunoglobulina anti-D dentro de 72h do evento,Aguardar Coombs indireto do parceiro,Preferencialmente repetir ultrassom em 1 semana,"Fazer corticoide — na prática, individualizar",B,Eventos com risco de hemorragia feto-materna (sangramento no 1º tri) pedem profilaxia anti-D em gestante Rh− não sensibilizada.,2,"anti-D,1º trimestre,FMH"
CUR3-002,Hemorragias da 1ª  Metade da Gestação,"Zona discriminatória do β-hCG para visualização de saco gestacional intrauterino por US transvaginal é, tipicamente:",800–1.200 mUI/mL,1.500–2.000 mUI/mL,2.500–3.500 mUI/mL,4.500–5.500 mUI/mL,Parâmetro dispensável em qualquer serviço,B,"Muitos serviços usam 1.500–2.000 mUI/mL como referência para visualização do saco por US TV, com variações.",3,"zona discriminatória,US TV"
CUR3-003,Hemorragias da 1ª  Metade da Gestação,US após aborto incompleto: qual achado sugere restos ovulares (RPOC) e necessidade de conduta?,"Endométrio fino <10 mm, assintomática",Eco endometrial heterogêneo espesso com vascularização ao Doppler e sangramento persistente,Ausência de vascularização,Útero em AVF,Corpo lúteo ovariano presente,B,Heterogeneidade/espessamento com vascularização e sangramento persistente sugerem RPOC.,3,"RPOC,US,Doppler"
CUR3-004,Hemorragias da 1ª  Metade da Gestação,Paciente com aborto retido opta por manejo medicamentoso. Esquema frequente com misoprostol:,50 µg via oral a cada 12h por 2 dias,"800 µg via vaginal/sub-lingual, repetir conforme protocolo",Metotrexato intramuscular em dose única,Preferencialmente ocitocina EV,Progesterona por 7 dias,B,"Esquemas com 800 µg (VV/SL) são comuns; repetir se necessário, conforme protocolo do serviço.",3,"misoprostol,aborto retido,esquema"
CUR3-005,Hemorragias da 1ª  Metade da Gestação,Gestante 8s com dor e sangramento; US TV mostra saco decidual sem embrião e sem anel corial. Diagnóstico provável:,Gestação anembrionária,Pseudossaco decidual (ectópica),Mola hidatiforme,Ameaça de aborto,Aborto completo,B,"Pseudossaco é central, sem anel duplo; sugere ectópica até prova em contrário.",4,"ectópica,pseudossaco,US"
CUR3-006,Hemorragias da 2ª Metada de Gestação,"Placenta prévia com 2º episódio de sangramento a 33s, estável. Conduta:",Alta imediata,"Internação, corticoterapia e vigilância; evitar toque",Indução do parto,Toque digital seriado,Parto vaginal programado,B,"Reinternar, corticoide e vigilância em pré-termo; evitar toque digital.",3,"placenta prévia,2º sangramento,corticoterapia"
CUR3-007,Hemorragias da 2ª Metada de Gestação,Rotura uterina iminente no intraparto é sugerida por:,Contrações regulares e dor ausente,"Dor intensa contínua, sensibilidade uterina, perda da apresentação, alterações FCF e sangramento",Útero macio e indolor,FCF reativa e estável,Progressão rápida do trabalho,B,"Dor contínua, sensibilidade e sinais fetais/maternos são suspeitos para rotura.",4,"rotura uterina,sinais,emergência"
CUR3-008,Hemorragias da 2ª Metada de Gestação,Acretismo placentário suspeito no pré-natal. Exame complementar útil quando US é duvidosa:,RNM pélvica,Cintilografia,Raio-X simples,Histerossalpingografia,Nenhum exame auxilia,A,RNM pode ajudar a definir extensão quando US é inconclusiva.,2,"acretismo,RNM,imagem"
CUR3-009,Hemorragias da 2ª Metada de Gestação,DPP leve com colo favorável e feto vivo a 37s. Melhor via de parto em geral:,Cesárea indicação frequente,"Via vaginal se progresso e condições, com monitorização",Expectante até 40s,Amniotomia contraindicada,Alta domiciliar,B,"Em fim de gestação e quadro leve, via vaginal é possível se condições favoráveis.",3,"DPP,via vaginal,37s"
CUR3-010,Hemorragias da 2ª Metada de Gestação,Vasa prévia diagnosticada antenatalmente a 34s. Conduta planejada:,Parto vaginal ao entrar em TP,Cesárea eletiva por volta de 34–36s após corticoterapia,Aguardar 40s,Amniotomia precoce,Parto vaginal com amnioinfusão,B,Programar cesárea antes da ruptura de membranas reduz mortalidade fetal.,4,"vasa prévia,cesárea programada"
CUR3-011,Isoimunização Materno-Fetal,Kleihauer-Betke estima volume de hemorragia feto-materna. Utilidade:,Diagnosticar anemia fetal,Ajustar dose de imunoglobulina anti-D pós-evento/pós-parto,Definir via de parto,Avaliar maturidade pulmonar,Não tem função,B,Serve para calcular a dose necessária de anti-D quando a FMH é significativa.,2,"Kleihauer,FMH,anti-D"
CUR3-012,Isoimunização Materno-Fetal,"Coombs indireto caiu após parto, porém houve falha em administrar anti-D em 72h. Conduta:",Nada a fazer após 72h,"Considerar administração até 28 dias, embora eficácia seja maior até 72h",Interromper amamentação,Indicar parto prematuro,Fazer corticoterapia,B,"Embora ideal até 72h, alguns protocolos admitem benefício até 28 dias.",3,"anti-D,janela tardia"
CUR3-013,Isoimunização Materno-Fetal,"Durante vigilância com ACM, valor oscilando entre 1,45–1,55 MoM a 30–31s. Conduta:",Alta — conforme protocolo do serviço,"Aumentar frequência das medidas e programar intervenção se mantiver ≥1,5 MoM",Cordocentese imediata em todos os casos,Preferencialmente CTG semanal,Suspender seguimento,B,"Valores limítrofes pedem vigilância estreita; ≥1,5 MoM indica anemia provável.",3,"ACM,limiar,seguimento"
CUR3-014,Isoimunização Materno-Fetal,"mãe Rh−, pai RhD heterozigoto. Teste cffDNA RhD fetal negativo. Implicação:",Feto RhD+ com certeza,"Feto provavelmente RhD−, evitando procedimentos desnecessários",Indicar cordocentese,Tratar como sensibilizada,Parto imediato,B,"Genotipagem fetal sugere RhD−, reduzindo intervenções.",2,"cffDNA,RhD fetal,heterozigoto"
CUR3-015,Isoimunização Materno-Fetal,Hidropsia fetal por isoimunização em 28s. Melhor conduta inicial:,Aguardar 34s,Referenciar para centro com transfusão intrauterina,Induzir parto vaginal,Cortar amamentação,Profilaxia anti-D,B,Hidropsia indica anemia grave; TUI deve ser considerada onde disponível.,4,"hidropsia,TUI,referência"
CUR3-016,Sofrimento Fetal Agudo e Crônico,Traçado categoria II persistente sem resposta a medidas intrauterinas. Próximo passo quando disponível:,Alta,Coleta de lactato/pH de couro cabeludo para estratificação,Aumentar ocitocina,Amniotomia indicação frequente,Aguardar indefinidamente,B,Microanálise pode direcionar decisão de desfecho.,3,"categoria II,lactato couro cabeludo"
CUR3-017,Sofrimento Fetal Agudo e Crônico,Desacelerações variáveis com “ombros” (acelerações pré/pós). Interpretação:,Compressão de cabeça,Compressão de cordão com resposta compensatória,Hipóxia tardia,Padrão sinusoidal,Artefato,B,Ombros são típicos de variáveis por cordão.,2,"variáveis,ombros,cordão"
CUR3-018,Sofrimento Fetal Agudo e Crônico,Estímulo digital de couro cabeludo intraparto gera aceleração. Significado:,Acidose grave,Reserva fetal adequada (teste indireto de reatividade),Necessidade de cesárea imediata,Falha do traçado,Nada se conclui,B,Aceleração com estímulo sugere pH adequado.,2,"estimulação,aceleração,reatividade"
CUR3-019,Sofrimento Fetal Agudo e Crônico,Quando considerar parto em SFA intraparto apesar de medidas:,Categoria I sustentada,Categoria II resolvida,Categoria III persistente,Traçado normal,Ausência de contrações,C,Categoria III sustentada indica desfecho (via mais rápida).,4,"categoria III,desfecho"
CUR3-020,Sofrimento Fetal Agudo e Crônico,RCIU assimétrico (tipo 2) é mais associado a:,Agressões cromossômicas precoces,Insuficiência placentária tardia (circunferência abdominal < P10),Infecções congênitas,Malformações maiores precoces,Gestações múltiplas,B,Assimétrico (cabeça poupada) sugere insuficiência placentária de instalação tardia.,3,"RCIU,tipo 2,placentária"
CUR3-021,"Infecções na Gestação - Sífilis, Hepatite B, Toxoplasmose e EGB",Sífilis tardia latente na gestação. Esquema adequado:,"Benzatina penicilina G 2,4 mi uma dose","Benzatina penicilina G 2,4 mi semanal por 3 semanas",Doxiciclina 14 dias,Azitromicina dose única,Nenhum tratamento,B,Latente tardia requer três doses semanais.,3,"sífilis latente tardia,esquema"
CUR3-022,"Infecções na Gestação - Sífilis, Hepatite B, Toxoplasmose e EGB",Alergia imediata grave à penicilina na gestante com sífilis. Conduta:,Usar doxiciclina,Dessensibilizar e tratar com penicilina,Azitromicina resolve,Não tratar,Tetraciclina por 4 semanas,B,Penicilina é a única droga com eficácia fetal; dessensibilização se alergia imediata.,4,"dessensibilização,penicilina,gestação"
CUR3-023,"Infecções na Gestação - Sífilis, Hepatite B, Toxoplasmose e EGB",HIV com CV 1.200 cópias/mL nas 38s. Conduta quanto à via:,Parto vaginal se carga viral <~1.000 cópias/mL,Cesárea eletiva programada quando carga viral >~1.000 cópias/mL,Cesárea preferencialmente se bolsa rota >4 h,Via de parto não se relaciona à carga viral,Fórceps profilático reduz transmissão,B,"Com CV >~1.000, indica‑se cesárea eletiva; com CV indetectável/baixa, parto vaginal pode ser possível.",3,"HIV,cesárea,carga viral"
CUR3-024,"Infecções na Gestação - Sífilis, Hepatite B, Toxoplasmose e EGB",Triagem 35–37s positiva para EGB. Sem alergia. Conduta intraparto:,Penicilina G EV até o parto,Clindamicina EV habitualmente,Cefalexina VO,Vancomicina VO,Sem profilaxia,A,Pen G EV é padrão para profilaxia intraparto.,2,"EGB,penicilina G,protocolo"
CUR3-025,"Infecções na Gestação - Sífilis, Hepatite B, Toxoplasmose e EGB",IgG positiva de alta avidez para toxoplasmose no 1º tri. Interpretação:,Infecção recente,"Infecção antiga, baixíssima chance de infecção fetal atual",Necessidade de triplo esquema já,Indicar interrupção,Infeção aguda indicação frequente,B,Avididade alta no 1º tri sugere infecção antiga.,2,"toxoplasmose,avididade alta,interpretação"
CUR3-026,Infertilidade Conjugal,"Critérios de Rotterdam para SOP incluem dois dos três, EXCETO:",Oligo/anovulação,Hiperandrogenismo clínico/bioquímico,Ovários policísticos ao US,Progesterona lútea elevada em todos os ciclos,Exclusão de causas secundárias,D,Progesterona elevada não é critério; SOP requer 2/3 + exclusões.,3,"SOP,Rotterdam,critérios"
CUR3-027,Infertilidade Conjugal,Indicação clássica para ICSI em reprodução assistida:,Oligozoospermia grave ou falhas de FIV prévias,Ovulação irregular leve,Idade <30 anos,Trompas pérvias,Endométrio fino,A,ICSI é indicada para fator masculino severo/falhas de fertilização.,3,"ICSI,fator masculino"
CUR3-028,Infertilidade Conjugal,Risco aumentado de SHO (síndrome de hiperestimulação ovariana) está associado a:,AMH baixo e poucos folículos,"AMH alto, muitos folículos antrais e resposta exuberante a gonadotrofinas",Uso de progesterona luteal,Endometriose,Fase lútea deficiente,B,Reserva alta aumenta risco de SHO com gonadotrofinas.,3,"SHO,AMH alto,gonadotrofinas"
CUR3-029,Infertilidade Conjugal,Varicocele clínica com espermograma alterado em homem jovem infértil. Conduta possível:,Habitualmente observar,Correção cirúrgica pode melhorar parâmetros e chances,ICSI imediatamente,Antibiótico,Preferencialmente vitaminas,B,Varicocelectomia pode melhorar parâmetros e fertilidade em casos selecionados.,2,"varicocele,cirurgia,espermograma"
CUR3-030,Infertilidade Conjugal,HyCoSy (US com contraste) pode ser usada para:,Avaliar patência tubária,Avaliar preferencialmente reserva ovariana,Tratar endometriose,Medir FSH,Avaliar cariótipo,A,Histerossonossalpingografia com contraste avalia patência.,2,"HyCoSy,patência tubária"
CUR3-031,Tireoidopatias na Gestação,Estratégia 'block-and-replace' (ATD + LT4) na gestação é:,Rotineiramente recomendada,Geralmente evitada; preferir menor dose efetiva de ATD,Indicação frequente no 1º tri,Muito segura para o feto,Sem impacto,B,Evita-se excesso de ATD para não induzir hipotireoidismo fetal.,3,"block-and-replace,evitar,gestação"
CUR3-032,Tireoidopatias na Gestação,Metimazol em baixas doses na lactação:,Não recomendado,Compatível com amamentação com monitorização clínica,Exige suspensão do aleitamento,Tóxico para o RN em qualquer dose,Indicação frequente suspender TARV,B,Doses baixas são consideradas compatíveis; observar RN.,2,"metimazol,lactação,segurança"
CUR3-033,Tireoidopatias na Gestação,Quando postergar FNA de nódulo suspeito em gestante:,Habitualmente no 1º tri,"Lesões altamente suspeitas devem ser avaliadas; FNA pode ser feita na gestação; cirurgia, se possível, no 2º tri",Em geral não fazer FNA na gestação,Operar imediatamente no 1º tri,Deixar para após a lactação habitualmente,B,FNA é segura; cirurgia preferível no 2º tri quando necessária.,3,"FNA,segurança,2º tri"
CUR3-034,Tireoidopatias na Gestação,Hipotireoidismo subclínico com TPO− e TSH discretamente elevado no 2º tri. Conduta:,Tratar habitualmente,Individualizar; considerar metas do trimestre e sintomas,Iodo radioativo,Metimazol,Suspender todo seguimento,B,Abordagem individualizada conforme TSH/IG/sintomas e diretrizes locais.,2,"subclínico,TPO−,individualizar"
CUR3-035,Tireoidopatias na Gestação,TRAb muito elevado no 3º tri. Impacto no RN:,Sem risco,Risco de tireotoxicose/neonatal → alinhar com neonatologia para monitorização,Hipotireoidismo habitualmente,Icterícia hemolítica,Sem necessidade de ação,B,TRAb atravessa placenta e pode causar tireotoxicose neonatal.,3,"TRAb,neonatal,monitorização"
CUR3-036,Vulvovaginites,Diferença útil entre cervicite por IST e VB:,VB cursa com dor pélvica intensa e sangramento pós-coito habitualmente,"Cervicite tende a causar secreção endocervical purulenta e friabilidade; VB é principalmente vaginal com pH>4,5",VB habitualmente tem teste de amina negativo,Cervicite tem pH normal habitualmente,Não há diferença — conforme protocolo do serviço,B,Cervicite envolve canal endocervical; VB altera pH e secreção vaginal.,2,"cervicite,VB,diferenças"
CUR3-037,Vulvovaginites,Infecção mista (VB + candidíase). Conduta:,Tratar preferencialmente VB,Tratar ambas com esquemas específicos,Aguardar resolução espontânea,Preferencialmente probióticos,Suspender amamentação,B,Abordar ambos agentes conforme protocolos.,2,"infecção mista,VB,cândida"
CUR3-038,Vulvovaginites,Recorrência de VB logo após tratamento adequado. Qual fator contribuiria?,Lavagem vaginal frequente/desequilíbrio da microbiota,Uso de probióticos,Abstinência sexual,Uso consistente de preservativos,Terapia supressiva,A,Duchas vaginais e desequilíbrio microbiota favorecem recorrência.,1,"VB,recorrência,fatores"
CUR3-039,Vulvovaginites,Teste de amina positivo é provocado geralmente por:,Produção de aminas por anaeróbios (VB) em meio alcalino,Atividade de Candida,Trichomonas exclusivamente,Lactobacilos,Chlamydia,A,Anaeróbios de VB produzem aminas voláteis que liberam odor ao KOH.,1,"teste de amina,VB,anaeróbios"
CUR3-040,Vulvovaginites,Tratamento de tricomoníase com falha clínica após metronidazol dose única. Próxima conduta:,Repetir mesma dose imediatamente,Esquema de 500 mg 12/12h por 7 dias e tratar parceiro,Trocar para fluconazol,Suspender tratamento,Preferencialmente higiene,B,Esquema de 7 dias aumenta sucesso; tratar parceiro simultaneamente.,2,"tricomoníase,recorrência,parceiro"
